id,title,description,tags,creator_id,timestamp
1,Wait member.,Science example financial. Cultural this modern real also success wrong media.,"Cooking,Movies",31,2025-07-26
2,Mission feeling third.,Campaign until professional wife star. Set pick yourself sell rule special gas customer.,"Movies,Reading",92,2025-07-28
3,State.,Generation bring bad high. Look she almost miss heavy herself.,"Gardening,Reading",52,2025-08-13
4,Security network hit.,Skill officer identify fire draw know with. Whether knowledge those cell your.,"Hiking,Music",38,2025-08-04
5,Local certain federal.,Crime gun arm who clearly believe carry. Recently middle help whom benefit travel sell.,"Cycling,Gardening",6,2025-07-26
6,Put mind question guess.,"Boy music country owner.
Carry seem lose between general. Another off rich eight care cause into.","Traveling,Cycling",61,2025-08-01
7,Then yet ten.,Deal sound enjoy child coach process small. Rich argue hour carry sometimes.,"Photography,Camping",97,2025-08-05
8,Hot air.,Remain kid single lead defense clearly. House cut red drive.,"Gardening,Fitness",67,2025-08-06
9,Pretty song.,Nature trouble true market possible. Yard once different sea.,"Music,Dancing",45,2025-07-23
10,Sell ok realize.,Within lose glass tax suddenly with space. Fly light direction several.,"Hiking,Camping",43,2025-07-20
11,Keep hot to.,"Attack real bag.
Speak sort success without language news reach sing. Mention fly actually.","Hiking,Fitness",43,2025-08-02
12,Order PM unit always.,Offer game best middle radio any reason. Travel news national animal board star know tonight.,"Cooking,Yoga",71,2025-08-11
13,Country article figure.,Opportunity claim break Mrs including kitchen she happen.,"Technology,Music",14,2025-07-29
14,Line statement.,Tell old seem yet better. Me free base near bag though theory.,"Traveling,Sports",24,2025-08-12
15,Us professor ready.,Foot less entire yourself suggest that experience center. Factor fish bill plant member.,"Fitness,Dancing",16,2025-08-07
16,Recently computer.,Man Mr cultural authority see federal out. Realize economic board huge wish fear.,"Reading,Cooking",3,2025-08-13
17,Factor above party.,Together which political defense. Need rule usually woman.,"Gardening,Technology",38,2025-07-19
18,Tough modern soon.,Rule get different. Challenge million TV economic at account.,"Gardening,Writing",42,2025-07-21
19,Suddenly man.,Experience since let allow huge. Industry what activity recently. Thus though fight in.,"Camping,Art",3,2025-07-29
20,Later past.,Necessary field nor assume rock foreign. Money so call training price thank dream reality.,"Traveling,Gaming",26,2025-07-25
21,Defense agency man.,Station water raise push. Design child expect heavy.,"Writing,Gardening",66,2025-07-28
22,Concern television firm.,Summer morning last bank. Similar home star agent single.,"Traveling,Music",30,2025-08-07
23,Answer cultural worker.,Take style social security remain tough. Life Mr training. Food likely guess step of his.,"Fitness,Hiking",33,2025-08-03
24,Nation believe husband.,Every month appear. Mention hand no theory represent. Young position image likely.,"Writing,Sports",97,2025-08-07
25,Listen try clear.,Way improve determine plan field top generation. Affect seek wind manager role.,"Fashion,Photography",1,2025-08-11
26,Challenge bill.,Agent policy work his finally. Computer sing law six.,"Fishing,Movies",50,2025-07-23
27,Material effect sense.,Lawyer sing yard child ball up fast. Really method dark another almost including accept.,"Traveling,Art",24,2025-07-20
28,Entire these window.,Gas lead want lead.,"Camping,Fishing",25,2025-08-06
29,Up rate purpose.,Five which structure couple only region. Hundred look space lead raise.,"Yoga,Music",13,2025-08-03
30,Degree program.,Against material design billion play behavior lead end. Hope believe yeah.,"Technology,Gaming",63,2025-07-30
31,Any like.,Grow stock rate commercial network site. Like child far. Exist information drug resource.,"Gaming,Yoga",62,2025-07-30
32,Compare when shake.,Window book as and I off. Until after indicate value. Several step eat determine artist.,"Movies,Cycling",90,2025-08-06
33,Control skin.,Practice something agree miss. Agree those loss sea.,"Photography,Fashion",100,2025-07-21
34,Shake white pass.,Pattern treat unit city strong moment body. Me decade success hard left lose.,"Camping,Cycling",12,2025-07-30
35,Notice series.,Hour where ok difference. Human rate community difference year before issue.,"Fishing,Camping",65,2025-08-02
36,Perhaps success foot.,Could throughout trial store. Eat evening key almost special never economic.,"Gaming,Camping",25,2025-07-29
37,Mean.,Show range one station. Decide card blood I. City bill win site push.,"Sports,Dancing",53,2025-07-16
38,Series TV but.,Throw also pay remember plan staff. Table treatment fire.,"Music,Fishing",51,2025-07-22
39,Stock fly deep smile.,Son quite agree bar begin major. Either data drop.,"Movies,Technology",53,2025-08-02
40,Grow.,Read various national stuff third condition. Son dark everything admit with.,"Sports,Reading",6,2025-07-20
41,Treat may.,Cup word air draw sea loss safe. Fund card tell such.,"Art,Fashion",85,2025-07-16
42,Part sea notice.,Arm goal mention worry five. Nor seven sea. Take finally population step exactly.,"Cycling,Reading",5,2025-07-16
43,Into decide.,Especially word half brother. Anything daughter part treatment computer seven may.,"Fishing,Photography",5,2025-07-17
44,Recently financial.,Wind cause doctor my officer technology. Film guy four boy coach.,"Cooking,Technology",79,2025-08-13
45,Enough military leg.,Name white list break player.,"Technology,Fitness",60,2025-07-28
46,Off generation.,Season ground image Democrat evening position. Difficult attack minute hope provide.,"Cooking,Traveling",60,2025-07-30
47,Ahead.,System behind traditional success.,"Dancing,Traveling",25,2025-08-12
48,Force.,Current cover yet long what say. Forget level energy see teach good third. Wrong realize take walk.,"Gardening,Writing",72,2025-08-01
49,Best reason growth.,Baby part different citizen lawyer realize. Herself spend person step.,"Cooking,Hiking",44,2025-07-15
50,Rise history.,Room too lay as anything. Go strong fast choice quickly.,"Traveling,Technology",29,2025-08-05
51,Bill great.,"Least reduce energy behind.
Tend form her. Medical most reveal work bill himself.","Dancing,Music",80,2025-08-03
52,Cost political defense.,Floor institution reflect decide less citizen. World around Republican ahead across.,"Movies,Photography",60,2025-08-02
53,Modern entire.,Another right billion herself return take local table. Half hope analysis sometimes PM fact.,"Fashion,Technology",41,2025-07-17
54,Suffer benefit.,Off character skin national watch. One citizen difficult if anything. Long can economy third red.,"Cooking,Fitness",78,2025-07-31
55,Never beyond.,Image energy sing avoid wall party break head. Though people happy born myself information.,"Sports,Hiking",100,2025-07-30
56,Movement deep.,Especially strong concern player international avoid consider. Certain learn seven stage.,"Reading,Camping",63,2025-07-19
57,You several feel.,Service over lose six them leader low. Site office low one morning.,"Sports,Traveling",97,2025-07-31
58,Simply agree small.,Today knowledge game eight control. Impact ground scientist question attention fill.,"Reading,Dancing",4,2025-07-24
59,Account.,Year without necessary. Follow apply you evening. Agency season red already positive.,"Music,Movies",17,2025-08-14
60,Just win.,House responsibility already. Score top thing carry.,"Fitness,Gaming",64,2025-07-22
61,Sure.,Front age yes human tend. By turn message science current.,"Camping,Yoga",26,2025-08-01
62,Listen land.,Like look enjoy wish. Score sometimes reality bag year hotel radio. Us short education.,"Fashion,Cycling",39,2025-08-13
63,Wife image his term.,Their executive wonder idea although. Chance go nothing visit everybody yes not.,"Hiking,Sports",12,2025-08-13
64,Particular fish against.,Truth note miss them nearly long. Ten increase human sound.,"Writing,Camping",31,2025-07-23
65,City citizen.,Human field cultural bring knowledge detail would pretty. Really beyond forget pretty road service.,"Cycling,Music",30,2025-08-11
66,Lay policy town.,Certainly training seem walk quite fear poor. People boy building both feel budget.,"Fashion,Writing",93,2025-07-19
67,Republican listen question.,Test affect accept media blue body skin herself.,"Fashion,Writing",98,2025-07-27
68,But them sometimes.,Go discuss animal hope. Beautiful account group education.,"Writing,Technology",98,2025-07-26
69,Meet nice.,Myself note allow test trade position mention drive. Heart turn common network bad no style agent.,"Yoga,Movies",58,2025-08-03
70,Future maybe.,Hand that college sport under. Material family situation a painting.,"Writing,Music",89,2025-07-26
71,Nation.,Movement give happy. Former arm we mind. Couple source better style somebody.,"Hiking,Camping",56,2025-07-27
72,Amount ground.,Pass business way can. Body full read week wide into.,"Movies,Gardening",15,2025-07-24
73,Fine summer push.,Position listen hear easy anyone. Area level alone ball ground. Spring also know much own top.,"Cycling,Photography",16,2025-07-18
74,Sea tonight.,Make several here up effect. Common assume top design hotel somebody.,"Yoga,Fitness",97,2025-08-06
75,Fear its.,"While agree peace drop. Part strong air or place.
Might practice close contain.","Photography,Yoga",60,2025-08-10
76,Heavy single house.,Throw build full air. Pass even film yourself type. Star professor recent but.,"Sports,Hiking",60,2025-08-07
77,Finally story table.,Fear Congress environment interest control.,"Yoga,Sports",47,2025-08-02
78,Provide improve yet.,Watch media debate actually range whole. Leave around letter maybe service nice.,"Fitness,Dancing",70,2025-07-23
79,Member put.,Job suffer live. Modern a game effort baby from article let. Memory yet eight.,"Hiking,Gaming",29,2025-08-13
80,Week middle.,Miss world rule stay window. Accept quite five sea. Seat happy institution film site.,"Camping,Gardening",90,2025-07-23
81,Huge suffer design nor.,Audience no end analysis including property on. Stop include personal much.,"Reading,Fitness",15,2025-07-17
82,Pressure future realize.,Participant pattern result these really. Read player fact side game compare perhaps.,"Yoga,Fitness",27,2025-07-19
83,Quality large party.,Whose visit allow push whom. Deep citizen sort movie I analysis.,"Cooking,Movies",41,2025-08-14
84,Probably want black.,Teach add talk. A not Republican most rise.,"Music,Movies",84,2025-08-08
85,Positive art.,Star guess police baby. Five kitchen front ahead news mind.,"Hiking,Cycling",64,2025-07-28
86,According investment.,Off call or. Character occur anything first choice information.,"Music,Art",15,2025-07-15
87,Thousand speech house.,West inside charge soon development. Four common popular me.,"Fitness,Technology",51,2025-07-25
88,Character others animal.,Order television meeting school. Determine growth minute high.,"Music,Writing",77,2025-08-13
89,Research always price.,See suggest figure professional. She better science arrive understand gun sit talk. Loss place guy.,"Dancing,Traveling",16,2025-07-28
90,He doctor score.,East this road traditional with. Consider best ball project read. Tend full mention.,"Gaming,Fishing",55,2025-07-29
91,Choose sense him.,Class concern military learn little chair. Page save leave movement stand include. Watch week need.,"Cycling,Fitness",97,2025-08-05
92,Action dark role.,Three staff pull personal. Floor walk however most air recently.,"Gaming,Cooking",98,2025-08-06
93,Course service the.,"Peace daughter common their.
Present simple trial approach while measure here happen.","Hiking,Fishing",90,2025-07-30
94,Plant stay.,Soon sort about suggest student concern.,"Movies,Technology",69,2025-07-19
95,Green technology thing.,Community near fire. Skin central from himself effort security.,"Writing,Cooking",14,2025-07-29
96,Property look.,"Score rich community herself on save business.
Response them wall ten house under history.","Writing,Yoga",54,2025-07-15
97,Class way prove feel.,"Cover great civil size. Daughter response road number again.
See story almost economy own building.","Fashion,Cooking",49,2025-07-28
98,Marriage every.,Share method social radio ball soon free.,"Writing,Yoga",74,2025-07-15
99,Measure.,Prevent apply force natural. Wonder call during.,"Fitness,Writing",87,2025-07-18
100,Hand my energy.,May how everything people.,"Cooking,Camping",85,2025-08-12
101,Use memory.,Laugh sure special particular another. Case drive finally story situation.,"Gaming,Gardening",12,2025-08-09
102,Laugh may race.,Tv leave marriage by tough alone. Back live thing if organization pretty.,"Sports,Movies",24,2025-08-14
103,Painting animal contain top.,Student serve present teach student health. Herself religious agreement really.,"Cooking,Cycling",35,2025-08-03
104,Officer site.,Themselves add seem tough. Past himself media respond marriage toward unit.,"Yoga,Camping",20,2025-08-01
105,Month another hit see.,Former agency dream international cause soldier. Radio nor box degree.,"Photography,Yoga",73,2025-07-31
106,Left which.,Positive trade present star. Now large southern successful billion.,"Sports,Hiking",34,2025-07-20
107,Attack leg computer.,Night list five. Recently radio energy charge. His truth result summer determine.,"Technology,Photography",74,2025-07-30
108,Drop act.,Mother condition source off new wear only. Director article produce boy. You special travel guess.,"Traveling,Dancing",35,2025-08-10
109,Somebody loss.,After whatever occur later.,"Movies,Cooking",16,2025-07-23
110,Dog arrive finish.,Doctor product talk. Heart home agreement center leave hotel.,"Hiking,Yoga",46,2025-07-21
111,His water environmental.,Big ago up such example present ago. Themselves turn strategy lose born move successful.,"Fashion,Reading",57,2025-08-12
112,Night thus.,Foot least particular that easy miss.,"Fitness,Art",84,2025-07-25
113,Store act.,Responsibility city actually. Product capital sort parent three. Use job way trade effect.,"Art,Camping",38,2025-07-30
114,Carry.,Really market feeling town who after alone firm. Early choose every indicate.,"Yoga,Reading",56,2025-08-14
115,Lawyer fill already be.,Eight office mean popular half hundred. Democrat hear move lead. Want record theory feel trouble.,"Yoga,Art",9,2025-08-07
116,Sense every.,Explain rich Republican. Man realize learn finally. Produce national across voice sign site.,"Dancing,Reading",86,2025-07-29
117,Reveal democratic.,Mrs medical adult usually.,"Hiking,Sports",39,2025-07-18
118,Fill price.,Budget now some question. Crime follow eye.,"Fitness,Movies",84,2025-07-28
119,Play thing nice.,Team shoulder alone teach TV. Cost how majority herself.,"Yoga,Gardening",40,2025-07-20
120,Area project point.,Author difficult expert. Agree knowledge late just method it audience. Clear no long stop old.,"Music,Art",37,2025-08-10
121,Talk key.,Culture now walk turn until foot difficult. Send bag of surface research. Large have cup thing.,"Art,Cycling",1,2025-08-07
122,Country.,Speech bring property actually. Attack feeling cell newspaper them.,"Traveling,Technology",65,2025-07-21
123,Agent talk might.,He themselves month success herself economy computer. Sit training pretty drive avoid.,"Movies,Writing",84,2025-07-20
124,War like.,Seem trade will whole push. Position safe sign because small cut daughter.,"Writing,Fishing",92,2025-07-16
125,Pass well establish.,No beautiful kind expert. Many role maybe wear simply. Ten seek life apply leg.,"Gardening,Art",77,2025-07-29
126,Easy suffer down.,"Three she respond generation.
Still suggest wonder. Anything sell per pick country course specific.","Yoga,Gardening",10,2025-07-25
127,Exist site too.,Serious operation where staff will. Star himself space foot. Bill increase weight walk yourself.,"Yoga,Photography",24,2025-08-01
128,Sound war.,Support receive value rich tax. Shake single cost least court look detail.,"Gaming,Writing",23,2025-07-15
129,Method expect.,Administration available forward front growth. Go room that admit present.,"Art,Sports",63,2025-08-03
130,Capital break message enough.,Save increase add mean human. Improve career girl knowledge. Health technology five ok item wrong.,"Movies,Traveling",90,2025-07-28
131,Those age.,"Crime plan training big star task.
During film main force. Little end worker the today.","Sports,Gaming",38,2025-08-14
132,Degree structure others.,Section whom interview this man.,"Dancing,Hiking",40,2025-07-17
133,Could eight.,Boy security stage blood fill manage. Phone administration per defense statement arrive woman.,"Writing,Gardening",29,2025-08-05
134,Hear however.,Seem nearly sing impact south artist. Almost customer day successful scene establish large someone.,"Traveling,Gaming",56,2025-08-07
135,Coach should.,Drop already chair street Mr require friend likely.,"Reading,Art",52,2025-07-25
136,Sister wear.,However travel boy. Food animal expect note prove. Might actually sure dog future drop appear.,"Reading,Movies",49,2025-07-31
137,Speech money.,Deal late most which science choice.,"Fishing,Camping",50,2025-07-18
138,Democrat card.,Great your huge various. Allow grow everybody now bar. Scientist clear today or finish speak.,"Music,Hiking",44,2025-08-12
139,Gas contain.,Door issue yeah performance experience act blue see. Benefit conference admit history.,"Technology,Dancing",95,2025-07-27
140,Common analysis foot.,Along point war avoid. Better these watch. Wait scene would you large economy strong.,"Sports,Cooking",67,2025-07-15
141,Civil culture member.,No floor girl understand sell and order. Each fill writer pull onto no above.,"Music,Writing",13,2025-07-28
142,Strong force citizen.,Claim health civil alone. Pass yes responsibility.,"Cycling,Cooking",8,2025-07-29
143,Exactly cold provide.,Thank under fine five trouble human exactly. Leg can we wide.,"Fishing,Camping",56,2025-08-03
144,South bar question first.,Mother they remain woman question arm. Maintain letter different front management computer party.,"Movies,Hiking",74,2025-08-03
145,Issue whose finish.,I direction million. Person trial husband benefit. Go boy idea relate we visit.,"Camping,Gardening",66,2025-07-24
146,Official where protect too.,Industry short nor reality someone rate. Development could surface only now short.,"Camping,Art",61,2025-07-22
147,Less also.,Mind generation thousand. Million cut west establish.,"Gaming,Yoga",7,2025-07-28
148,Yard ground.,Stuff control itself appear type agree true. World action reduce course push.,"Gaming,Art",80,2025-07-25
149,Will.,Edge good special. Capital trade nor mouth quite writer.,"Art,Reading",20,2025-07-29
150,Star prove speak.,"Debate moment for ball president here.
Improve husband sometimes country participant ground.","Sports,Technology",33,2025-07-24
151,Middle week.,Them finally drug.,"Technology,Photography",5,2025-07-29
152,Seven style.,Responsibility yard view. Beautiful trade soon discuss end.,"Camping,Hiking",11,2025-08-04
153,Program.,Security travel personal thousand soon art others. Yeah money dinner question continue reason read.,"Writing,Technology",7,2025-07-18
154,Community.,Summer care claim economic quite hear into. Past each place ever debate hope soldier.,"Gardening,Fashion",70,2025-07-15
155,Her might.,Seat special spring economic concern building blood trouble. Memory agreement view instead.,"Traveling,Sports",23,2025-07-25
156,Employee write head authority.,Record these into choose threat never. Class prevent name seat. Reduce staff enter budget.,"Gaming,Gardening",18,2025-07-28
157,Physical expect.,Fast life marriage station without if cell strong.,"Fashion,Music",58,2025-07-20
158,Congress or.,After fall six as board. Time message relationship eight many imagine. Six find painting scene.,"Yoga,Music",65,2025-07-17
159,Thus.,Task chance nice despite front as front. Scientist career past investment per mouth just.,"Fishing,Dancing",27,2025-07-30
160,Any me art.,"Identify minute receive this. Manage others across.
Thing lay game scene own.","Technology,Art",72,2025-08-11
161,Business.,After serve ask use on.,"Photography,Traveling",5,2025-08-08
162,Task letter five rule.,Land institution possible without through in. Consider us build nature magazine when billion.,"Gaming,Technology",52,2025-08-07
163,Mouth unit.,While theory ready focus grow human blue. Official herself to option. Network situation general.,"Writing,Dancing",76,2025-07-23
164,Item stock.,Note at film throughout Congress general husband.,"Yoga,Fitness",15,2025-07-17
165,Only political.,Scientist sit debate treatment item opportunity.,"Cycling,Reading",8,2025-08-01
166,You discuss risk.,Him speak explain. Away knowledge lay.,"Fitness,Sports",61,2025-08-01
167,Training center.,Chance performance better today culture just. Radio break simply take foreign we discussion.,"Camping,Reading",87,2025-08-08
168,Color political suddenly.,Sing at happy production tough. Ready none together.,"Writing,Gaming",37,2025-07-31
169,Chance idea Democrat page.,Woman together newspaper do force seat. Minute red nice summer PM. Election others road admit hand.,"Music,Gaming",61,2025-07-30
170,Foreign.,Contain industry chair before social receive. Front close say student someone.,"Writing,Gaming",22,2025-08-14
171,Involve.,Do bring doctor provide training former seat. Future always parent sister program today.,"Fishing,Technology",45,2025-08-02
172,Think leader.,Significant them part beyond language until. May bill three look.,"Fishing,Yoga",28,2025-07-28
173,Sure against.,Affect not sport. Professor evening despite decision free often hold seek. Sing five up ready.,"Hiking,Yoga",2,2025-08-13
174,Mrs center.,Month film get view. Risk note pressure serve race difficult little cover.,"Gardening,Gaming",43,2025-07-17
175,Challenge rich price.,Necessary evidence something idea action. Rock as marriage. Someone process dinner natural.,"Cooking,Hiking",70,2025-07-24
176,Admit let.,Education pattern air although. Painting about cultural car. Rich my raise design would himself.,"Photography,Fishing",28,2025-07-17
177,Available painting.,President challenge star government. Ability get what also oil husband.,"Yoga,Photography",8,2025-07-31
178,Guy beat.,Already charge easy seat exactly. Attack itself issue become let. Role chance fact first.,"Traveling,Photography",31,2025-07-27
179,Including discussion today.,Ago tend something region whose section turn. Then lot then room ask staff.,"Fashion,Art",54,2025-07-27
180,Network if hour.,Beyond outside ball begin dinner several really. Production age seven. Attack open available war.,"Hiking,Gaming",36,2025-08-02
181,Sea image someone.,Pressure exist write. Success east argue wife protect.,"Cooking,Camping",52,2025-07-17
182,Board candidate.,Good old firm edge tell identify.,"Sports,Gardening",35,2025-07-25
183,General society suffer.,Son arrive leader response per. According subject ask pretty forget truth owner.,"Technology,Movies",19,2025-08-07
184,Morning yeah order.,Tough turn improve upon then lose. Specific quickly strategy smile herself.,"Reading,Photography",61,2025-07-18
185,Look guess.,Car season son deal. Threat law six.,"Fishing,Reading",17,2025-07-28
186,Write central eye.,Building meeting view close. Capital carry admit television agreement.,"Yoga,Gardening",100,2025-08-13
187,Piece improve.,Business sign begin. Game girl simply according only. Effect represent event realize staff subject.,"Hiking,Gardening",82,2025-07-27
188,Move police.,Coach stop in water. College sister talk unit tough state way. South everything play film her loss.,"Traveling,Music",53,2025-07-21
189,Matter eye sing.,Contain then statement. Company fund material pass everyone. Table south Mrs Mr ground first whose.,"Technology,Art",29,2025-08-06
190,Situation part partner moment.,Raise wrong American page husband attack prevent. Price else big painting.,"Art,Cycling",42,2025-08-13
191,Author page.,Run you son see blood. Job him analysis girl he must term. Trial especially process itself.,"Photography,Cycling",62,2025-08-10
192,Bill human guy.,Add bill door provide. Share information theory. Theory account themselves agency see purpose.,"Yoga,Music",69,2025-07-19
193,If red.,Later recently create capital. Half around billion water believe run be.,"Movies,Fitness",93,2025-07-21
194,Others debate management.,"Short environmental idea heavy establish sit.
Director enjoy value. Under us inside nor.","Cooking,Writing",31,2025-07-27
195,Free east pay.,Model community once. Audience seat major operation in. Early every crime mouth analysis law might.,"Fishing,Art",32,2025-07-29
196,Stop increase.,Commercial generation will wrong good clear bit. Enough star agreement simply.,"Hiking,Fitness",19,2025-08-04
197,Game station walk.,Occur different walk phone. Stand cause fear policy. Color station meeting central item street.,"Music,Technology",54,2025-07-27
198,Since maybe.,Major security class realize. Hand provide ahead letter.,"Gardening,Photography",52,2025-07-31
199,Itself be artist.,Require area check next election answer history generation. Available else us physical.,"Gaming,Fitness",1,2025-08-01
200,As here customer.,Hard director above.,"Cycling,Writing",26,2025-07-25
201,Return rock know.,Boy that radio people himself. New participant eat traditional couple. Next pattern send my.,"Cycling,Sports",12,2025-08-09
202,Gas may allow.,Ready learn apply through professor. Until training either add walk painting statement.,"Gardening,Hiking",8,2025-08-03
203,Get another determine.,Case up music action. Look traditional choose speech.,"Traveling,Technology",45,2025-07-24
204,Work production.,Sister phone black say doctor few.,"Gaming,Music",60,2025-08-10
205,Month reveal.,Order open about time wall note hand. Pattern people series discuss next fall situation perform.,"Writing,Gardening",15,2025-08-13
206,Full computer forward.,Situation just name land indeed newspaper. Meet power heavy us. Might cost list long late.,"Movies,Reading",46,2025-08-04
207,Analysis federal.,Sort on according appear. Impact good bed plant work beyond present.,"Technology,Cooking",45,2025-07-16
208,Information.,Our rather finally main. Car shake deep stand. Former course baby no per picture treatment.,"Yoga,Traveling",12,2025-07-20
209,Thousand care piece.,Across above allow wonder. Country man strategy try phone laugh question special. Many man share.,"Gardening,Dancing",16,2025-07-17
210,Understand worry.,Property long cultural energy land. Card air article your suddenly memory. Town mouth also better.,"Fashion,Dancing",83,2025-08-13
211,Behavior reach.,Daughter authority cut person. Go produce certain director.,"Music,Fashion",24,2025-07-31
212,Learn themselves.,Resource partner fact subject TV property. Bring bank peace admit.,"Yoga,Gaming",87,2025-07-31
213,Senior drug million.,View run care behind nature. Conference southern job happy.,"Art,Fishing",6,2025-07-31
214,Sister word.,Painting world leg once. Degree newspaper whether would. Well why run government.,"Gardening,Fishing",60,2025-08-01
215,Term class.,Our per while suddenly where. Human bank partner get on hair.,"Music,Fashion",46,2025-08-09
216,Child five black.,Account leg parent task or think enter. Yeah participant tree road.,"Gaming,Writing",49,2025-07-22
217,Necessary his.,Summer eye agreement become. Policy concern authority even attack.,"Gaming,Gardening",98,2025-08-05
218,Professor style raise right.,Enjoy face that beautiful few rule. East try myself song.,"Music,Fitness",39,2025-07-20
219,Production minute treatment.,Lawyer include stay agreement number mission. Owner radio camera ready. Notice discuss include.,"Music,Sports",19,2025-07-16
220,Avoid really level.,Push western little able woman by pattern small.,"Music,Fashion",4,2025-07-15
221,Stand rock.,Place surface ahead everything believe hand nice. Mind show think why. Race magazine just.,"Cooking,Photography",61,2025-08-05
222,Partner Democrat after.,Without car fast add. Language amount wide piece.,"Cooking,Yoga",62,2025-08-14
223,Series prepare a.,Half represent almost explain foot others. Option past field important.,"Reading,Dancing",17,2025-08-09
224,Want stuff church.,Oil newspaper power bed yes board. Theory for late good maintain old couple.,"Fishing,Cooking",70,2025-07-28
225,Imagine human.,Either who something again themselves score attack. Consider set research question bag.,"Yoga,Traveling",38,2025-07-22
226,How.,Method food show. Population watch push same rest. Teacher enjoy old work.,"Fitness,Hiking",58,2025-07-15
227,Material even.,Focus certain wait. Source light marriage.,"Yoga,Gaming",70,2025-08-10
228,Organization able talk.,Sport skin the woman. Education natural him music yard need clearly.,"Technology,Movies",54,2025-07-17
229,Executive help.,Check focus daughter environmental son those send. Trial instead himself herself summer no station.,"Cycling,Gaming",46,2025-07-24
230,Whole organization perform.,Notice low race effect board. Strong kind indeed success us positive.,"Cooking,Cycling",1,2025-07-20
231,Administration million.,Worry eat last. Forget case data plant act happy.,"Sports,Fishing",56,2025-07-30
232,Common brother general.,Game every marriage focus activity according. Put kid man through. Every brother clear walk.,"Technology,Traveling",92,2025-08-11
233,There tough.,Great green leader. Wear give right own.,"Camping,Fitness",83,2025-08-02
234,Thousand law.,Lay movie sister. During thus TV smile month. Ball model hospital politics could suffer role.,"Dancing,Hiking",61,2025-08-02
235,Career special wide respond.,Road time person unit difference. Address section same use same. Ready think five expert.,"Reading,Gaming",18,2025-07-15
236,Clear right whose.,Professor huge step hit. Benefit same stock fine.,"Dancing,Cooking",12,2025-08-08
237,Particularly off from.,Memory stand financial four page involve we.,"Gaming,Hiking",50,2025-08-01
238,Training factor young.,Street large black stop. Campaign determine must natural practice.,"Art,Traveling",17,2025-07-17
239,Size.,Price trip environment central. Fall drive simply project at.,"Fashion,Reading",19,2025-08-09
240,Contain case four.,Writer card bag party source simple hard. President whether against start role effect quite.,"Cooking,Dancing",6,2025-07-28
241,East everybody.,Place realize important weight good. Talk guy ok language reflect rather. Very other adult hundred.,"Music,Camping",33,2025-08-14
242,Expert oil nation.,Then another agent item. Hospital sell head start choice when forget.,"Movies,Camping",81,2025-08-12
243,Hold phone southern.,Building sing thought hour. Relationship woman fly especially far policy mouth page.,"Music,Writing",63,2025-08-13
244,Why maintain.,Imagine source interesting attorney north husband work. Pressure century order key dinner.,"Art,Traveling",12,2025-07-31
245,Inside newspaper position.,First answer allow. Wall spring campaign effort. Character success project.,"Sports,Art",3,2025-07-31
246,Age let fish.,Over reflect kind else. Expert member respond bit. Laugh course citizen these medical.,"Dancing,Gaming",32,2025-07-17
247,Low partner wife.,Rest high woman likely table agent both admit. Use thus coach against.,"Art,Dancing",86,2025-08-08
248,Shake drop.,Scientist share toward consumer. Perhaps generation simple anything fall myself.,"Fashion,Sports",8,2025-07-24
249,Eight.,Bar hear type. Live character ability democratic. Director sound close bit.,"Traveling,Movies",10,2025-08-12
250,Man south.,Past performance Mrs them long his. Season perhaps arrive must camera learn itself.,"Photography,Fitness",87,2025-07-28
251,Cup explain.,Opportunity nation season consumer. War big staff religious option.,"Fashion,Music",74,2025-07-24
252,Real career event why.,Goal technology firm PM. Yet many international analysis.,"Cooking,Art",20,2025-07-23
253,Ahead building different guy.,Relate eight scientist identify occur. Board west entire red every senior.,"Fitness,Sports",52,2025-07-30
254,Travel easy fire.,Bed why forget. Hair ground good water education few put. Can they strong add debate leg while.,"Fashion,Reading",30,2025-07-29
255,Better.,Will seek letter tree. Step TV article career its.,"Gaming,Gardening",4,2025-07-28
256,Store too talk.,Tough stay enter few possible smile story. Plan question long. Method baby rock space partner.,"Cooking,Gaming",1,2025-08-01
257,Rich.,Event he enter debate. Table area produce whole. Through true hope dinner current off investment.,"Art,Photography",1,2025-08-02
258,Art out apply.,Wonder project leg power lead. Southern its maintain usually care. Special film class.,"Music,Sports",30,2025-08-02
259,Option surface although.,"Must despite total explain unit. Morning particularly first.
Baby some production spring.","Art,Fitness",99,2025-07-20
260,Total financial approach.,Participant yes doctor medical. Generation skin body huge cell range. Mr age summer receive.,"Dancing,Cooking",18,2025-07-20
261,Body father.,Music just ago pass or him list management. White too take gun lay suffer gas represent.,"Writing,Yoga",13,2025-07-15
262,A music let.,Bring mention identify series program. Different six clearly.,"Movies,Fitness",71,2025-08-12
263,Audience seem.,Face space care. Six politics forward have large plant artist.,"Traveling,Writing",17,2025-07-29
264,Always send.,Computer third piece study. Join national provide tough word real. Pm run us car animal.,"Gaming,Camping",18,2025-07-20
265,Forward fall month.,Know bar million five.,"Reading,Dancing",99,2025-08-11
266,Place part.,Weight goal us almost. None common so.,"Fitness,Photography",48,2025-08-09
267,White camera.,Most authority page remember family we. Usually visit child cause factor win information.,"Fitness,Fashion",50,2025-07-18
268,Make hair.,Shake loss push movement money certain surface. Entire lawyer good seat return national perhaps.,"Sports,Traveling",79,2025-07-24
269,Perhaps could like.,Stage money stop science accept although. Write the policy pull. Mention yes yeah up.,"Cooking,Writing",91,2025-08-10
270,Heavy like develop set.,Author bed imagine. Improve Mrs race week spend.,"Fishing,Gaming",100,2025-08-06
271,Specific quickly.,Since toward value decide it pattern.,"Music,Reading",49,2025-08-11
272,Service other.,Including instead commercial. Attention buy church occur money.,"Gaming,Yoga",85,2025-07-31
273,Manager tell.,Forward arrive school I successful fish series. Drop within design bit could bank.,"Fitness,Gardening",100,2025-08-02
274,Until usually.,Idea buy ball easy. Continue send quickly fly Congress natural.,"Hiking,Dancing",53,2025-07-25
275,Community career much.,"Your beautiful open me while more.
Too heavy explain senior one follow.","Traveling,Dancing",8,2025-08-12
276,Measure add owner.,Debate hit them so statement.,"Music,Dancing",11,2025-07-30
277,No Republican.,Lay act father piece condition second. Item example enough. Kind face along hour walk.,"Fashion,Fitness",7,2025-08-06
278,Factor miss.,Maintain TV fact practice cultural blood. Stop establish ago general white my protect.,"Camping,Movies",77,2025-08-04
279,Term.,Here particularly American customer product up add. Article move peace where realize loss strategy.,"Gardening,Cycling",100,2025-07-20
280,Week put fine.,"As increase cultural. Charge church grow others though business figure.
Piece center only central.","Writing,Camping",73,2025-07-15
281,Each myself.,Fly particularly responsibility until.,"Writing,Sports",65,2025-08-07
282,Guy.,Yard support resource which say.,"Fishing,Movies",48,2025-08-11
283,Range despite adult lead.,Leader number finish not fine health set. After development start.,"Gaming,Gardening",50,2025-07-20
284,That guess hold.,Wonder source Congress professor top. Thank relationship reveal situation.,"Fashion,Gardening",35,2025-07-27
285,About because.,Piece similar born space. Senior eat believe.,"Cooking,Cycling",16,2025-07-29
286,Shake choose consider interest.,Education hotel benefit go arm. Painting follow my growth middle. On everybody eat cover.,"Art,Cycling",26,2025-07-18
287,Toward ready.,Discussion serve hope. Child all later allow among.,"Sports,Gaming",90,2025-07-20
288,Radio year.,"Exist mouth father.
Design eat effect put realize. Decade move economy student society.","Traveling,Photography",32,2025-07-15
289,Serious public less.,Really forward even pay few event.,"Yoga,Writing",10,2025-08-04
290,Control whose seat.,Street past suffer food stop so. Then himself ready.,"Cycling,Movies",1,2025-08-10
291,Minute big along.,Performance describe some improve least result. Agent political table effect seven.,"Sports,Dancing",32,2025-07-22
292,Chair democratic.,"Only next health world dream hard.
Way win despite hit. Worry add create field.","Fashion,Technology",9,2025-08-14
293,Build nor choice.,Power her apply site increase. Gun station night east.,"Yoga,Photography",39,2025-08-09
294,Political usually truth.,President citizen rock suffer daughter his gas. Industry itself body. Theory school wide anyone.,"Cooking,Yoga",40,2025-07-22
295,And job natural.,Course light on democratic agent. But value new response thank station. Summer appear key exactly.,"Music,Gardening",45,2025-07-25
296,Point leg.,Want likely body pick.,"Movies,Cycling",59,2025-07-20
297,Risk job.,Family staff book share sure feeling each foreign.,"Photography,Traveling",18,2025-07-26
298,Window message to.,Hold suddenly drug chair system. Discuss manage lose project glass.,"Camping,Dancing",69,2025-08-04
299,Pull question tree.,Beat red positive wait coach. Land example whether fall country reach exactly.,"Traveling,Gaming",59,2025-07-30
300,Affect trouble.,Station big old compare. Husband far piece science.,"Fitness,Yoga",62,2025-07-26
301,Performance hold.,Job become middle industry perhaps teach go. Finish result she. Now produce official.,"Movies,Fashion",1,2025-07-31
302,Without attention.,Indicate nor create no product us anyone. Likely degree left foreign fly approach.,"Sports,Reading",36,2025-07-23
303,Beat forward particularly.,Gas represent kind safe sound participant smile. Economy skin million guy computer.,"Cycling,Technology",33,2025-08-11
304,Talk.,Most analysis contain feeling shake. Half executive song bad.,"Fashion,Fitness",29,2025-07-22
305,Check himself car.,Including argue perform thing child. Chance night interesting rise hard.,"Fishing,Writing",13,2025-08-13
306,Discuss those.,Begin peace with final particularly begin expert company. Everybody stay consider sure government.,"Music,Dancing",98,2025-07-31
307,Scene.,Still I ask accept low girl say. Pattern store east across lead name.,"Reading,Sports",31,2025-07-21
308,Country third across.,"Business both throw image. Less popular others resource.
Hit certain memory including.","Cycling,Art",21,2025-07-19
309,Identify town.,Show red task. Mind likely senior share company activity trip. Car in value alone.,"Dancing,Fashion",83,2025-07-20
310,Style for manage.,Wish war expect sell until. Argue lawyer choose newspaper newspaper art activity.,"Fishing,Movies",11,2025-08-02
311,All necessary goal.,Onto education television green. Dinner too remain staff more. Them spring conference.,"Cooking,Technology",56,2025-07-29
312,Home region.,Recognize person vote will. Receive sign point guess exist magazine. It skin glass.,"Fishing,Fitness",99,2025-07-20
313,Team drop traditional stock.,Through itself buy meeting probably seek. Policy media city deal foot speech measure.,"Dancing,Photography",64,2025-07-16
314,Man.,Wrong thing within about six watch. Lose section individual direction until evidence opportunity.,"Traveling,Dancing",51,2025-07-15
315,Letter traditional staff.,Fill likely chance woman. Great piece idea thought state wall.,"Cooking,Hiking",74,2025-08-01
316,Bar degree.,Safe one entire fly. Soldier site head natural Democrat. The soldier both individual.,"Fashion,Gaming",14,2025-08-10
317,International part.,Head life life myself environmental. Others grow allow every discussion.,"Movies,Hiking",39,2025-07-18
318,Ask wear.,Seven thing when lose position person.,"Hiking,Dancing",66,2025-07-17
319,Quickly daughter.,Writer just lot wind. Sign fear seek look. Drug item network interview room center.,"Yoga,Fishing",62,2025-07-21
320,Table sound.,Soldier early Mr receive dog media amount. Home put most open police impact.,"Gardening,Dancing",24,2025-08-02
321,Discover wrong interest.,Around bit much pattern century food.,"Cycling,Traveling",4,2025-08-08
322,In expert.,"Relationship decide low. Here this interview father standard.
Same perform ago.","Writing,Fitness",65,2025-07-24
323,Understand fall.,Reflect until open of sort church skin. Watch mention order memory budget thought.,"Traveling,Hiking",15,2025-08-06
324,Rule hospital blood expect.,"Realize off various.
Board option almost investment. Degree effort imagine almost community.","Reading,Fishing",20,2025-07-30
325,Spend arrive.,Five spend new idea across. Apply increase city politics.,"Camping,Hiking",94,2025-07-25
326,Reflect wonder quality.,Painting professor you entire.,"Gardening,Photography",24,2025-07-19
327,But successful.,Pull house approach have present relationship. Physical remember a.,"Fitness,Reading",69,2025-08-14
328,Others culture indicate everything.,After southern degree bank name in. Try friend rich trial.,"Traveling,Photography",3,2025-08-01
329,Generation scene power.,Indeed difficult establish entire soon conference loss scientist.,"Photography,Yoga",3,2025-07-18
330,Author rather.,He first source class arm. Start top southern measure option responsibility support.,"Cooking,Art",75,2025-08-13
331,Expect both reality.,Require purpose sister culture. Seat job ask red.,"Cycling,Fitness",40,2025-08-06
332,Hot force street.,Evening successful choice nice.,"Camping,Writing",24,2025-07-29
333,Avoid far language about.,Believe onto imagine unit add.,"Yoga,Fitness",65,2025-07-25
334,Full well property.,"Pay be sea.
History there myself person. Prove model move move probably.","Cycling,Fitness",25,2025-08-08
335,World stand.,Ready increase security wonder. Purpose black sort buy surface compare sound.,"Cooking,Gardening",42,2025-08-08
336,Present.,"Ten nearly citizen your.
Job goal economic worry street first. Consumer common difference.","Writing,Yoga",12,2025-08-07
337,Right far report.,Message us to information reflect. Fly write family owner.,"Cooking,Writing",96,2025-08-03
338,Visit example.,Commercial brother medical high team crime memory.,"Gaming,Camping",65,2025-07-15
339,Feeling.,Let kitchen writer section hour. System scene prepare mention rate reveal however.,"Sports,Music",12,2025-07-30
340,A.,Daughter hard we agency. Study process room entire instead. Within data worry work nearly.,"Dancing,Photography",58,2025-08-09
341,Left growth.,Institution hold so cold. Laugh different rich president recent. Year body area seem avoid couple.,"Gardening,Fishing",85,2025-08-11
342,Voice listen series window.,Style life suddenly.,"Yoga,Technology",57,2025-08-06
343,Mention force.,Consider executive already behavior. Knowledge article agree assume.,"Technology,Fishing",78,2025-07-16
344,Site buy also.,Little goal about look father his.,"Gardening,Technology",88,2025-08-11
345,Up radio thank.,Surface teach nation view. Democratic inside blue anything very. Nature there sit investment.,"Gardening,Gaming",10,2025-07-24
346,Social according.,Support ever entire brother note. Tell pull product improve without morning.,"Yoga,Fashion",41,2025-07-29
347,Prove either sell.,Southern ready that close out glass amount. Doctor medical late.,"Traveling,Hiking",72,2025-08-12
348,Tonight son.,Capital history film nature. Open general physical man. Carry never learn.,"Fitness,Traveling",33,2025-08-09
349,Ever development film.,Baby great identify husband. On learn enjoy decision air so.,"Cycling,Writing",15,2025-07-23
350,Republican local art.,Cell success plan run. Leg could trip light also. Explain hospital should these.,"Camping,Yoga",53,2025-08-05
351,Media turn.,Billion least able. Per suddenly paper record wish as.,"Traveling,Dancing",35,2025-07-23
352,Serious office action.,Image it dream save report old wide. Key north like six common many great.,"Movies,Cycling",75,2025-07-30
353,Provide long hour.,Institution cold add bad practice. Everything measure stage everything against within song.,"Fishing,Fashion",73,2025-07-21
354,That power democratic.,Congress serve service back night anything interview. Pay factor toward eye poor.,"Gaming,Art",61,2025-07-19
355,Official economy.,Quality campaign magazine within. Later mother truth per nor beat.,"Cycling,Movies",48,2025-08-14
356,Reason area.,Here increase together. Take forget arrive. Court determine suggest four wall goal fill.,"Traveling,Fishing",74,2025-07-24
357,Threat race.,Memory use pretty particular knowledge hundred. Go analysis unit. Wear education name discuss.,"Writing,Photography",48,2025-07-19
358,His decision.,Mean level political article. Game out store your drive late first.,"Fishing,Art",53,2025-08-11
359,Individual specific.,When believe help. Area artist southern difference.,"Music,Art",87,2025-08-09
360,Green on.,Note value parent series wife. Anyone final stand population. Out explain save recognize nature.,"Gardening,Fishing",82,2025-07-30
361,This.,Activity size statement personal. Thousand media wish hit where society.,"Art,Music",60,2025-07-22
362,Though difficult.,Already serve not window letter region charge couple. Include tree include camera world.,"Cycling,Gardening",58,2025-08-02
363,West above social.,Black finally international color far price season if. Miss least your true cold.,"Traveling,Music",90,2025-08-14
364,Point situation.,There executive watch. Letter little plan employee seat car near.,"Music,Camping",78,2025-08-03
365,Soldier professional.,Make baby official policy science behind couple. Task per also kid.,"Fashion,Art",25,2025-07-21
366,Network.,Region necessary skill part. Staff six energy.,"Fashion,Gaming",35,2025-07-29
367,Only allow phone rich.,Action nothing general experience woman very continue cultural.,"Writing,Hiking",66,2025-07-22
368,International second between financial.,"Car hard main late herself develop. Which happy better serve.
See science staff.","Traveling,Fitness",66,2025-07-25
369,Bar well.,Beat new wife feel instead no. Doctor dark blood while probably full way while.,"Traveling,Fishing",84,2025-08-09
370,Avoid sister.,Type them Mrs organization sister agency low lay. Measure more skill movement above bed story.,"Cycling,Gardening",29,2025-07-30
371,East south study.,Smile until their why on. Country degree safe the. Alone agency tell executive left.,"Music,Fashion",31,2025-07-15
372,Real feeling message.,Course water her energy room out. Economic away today term character difficult down.,"Art,Fitness",95,2025-08-13
373,Later similar traditional agency.,Simple serious nothing take. Sport good least.,"Movies,Cycling",85,2025-07-22
374,Pretty fly change.,Early politics pattern share as. May something away end network it type half.,"Writing,Hiking",99,2025-07-15
375,Actually describe serious.,Law read full laugh right card financial. Above speak glass open.,"Sports,Fitness",91,2025-08-11
376,I owner.,Everybody whole ok. Attorney check management create white consumer.,"Camping,Fishing",82,2025-07-18
377,Indicate rather.,Floor raise easy movie law score such. Environment there onto test.,"Reading,Hiking",59,2025-07-25
378,Firm.,People create spend particular upon leg right. Probably marriage employee market fine.,"Cycling,Gardening",33,2025-07-26
379,Dark season benefit.,Your friend past enough.,"Gaming,Fashion",11,2025-08-09
380,Discover by financial.,Owner top system recognize. Ball piece between.,"Fashion,Fishing",43,2025-08-03
381,Beautiful outside.,Many former coach summer.,"Music,Gaming",20,2025-07-25
382,Thousand window.,Idea move suffer how house stay. Step throughout choice person down. Bill road member west detail.,"Camping,Gardening",10,2025-07-30
383,Draw available center.,Run similar mission whole. Dream itself fact above sell gas. When service central today.,"Music,Movies",44,2025-08-11
384,Throughout right.,Place consumer most crime these instead field. Offer leg add when listen here.,"Photography,Cycling",27,2025-08-10
385,Speech.,Property hear approach interesting owner condition fine. Them TV wear. Even ask company cause than.,"Movies,Cycling",94,2025-07-24
386,Nor executive.,Issue factor all can here. Century mission kid official decade. Produce area stand war save.,"Photography,Gaming",81,2025-08-12
387,Despite catch.,Leg PM man staff hotel. Decade effect national hand. Phone center tax marriage here become.,"Movies,Art",79,2025-08-11
388,Difference floor news.,Involve continue good camera woman. Million culture close candidate coach sit reflect.,"Dancing,Movies",84,2025-08-13
389,Final can someone.,Entire note win enjoy. Property some region model.,"Music,Fitness",34,2025-08-11
390,Stand week ask cost.,Charge order allow particular. Best trouble action summer blue various of rise.,"Writing,Hiking",27,2025-08-13
391,Ago teach.,Economic than end build who. Nor within clearly.,"Gardening,Fashion",57,2025-08-13
392,Culture necessary financial.,Success address before kitchen six speak. At nature protect.,"Reading,Gaming",63,2025-07-17
393,Someone street student.,House catch hold story. Trip sure fight hit.,"Traveling,Hiking",42,2025-07-21
394,Manager yet.,Rate attention baby whole benefit rest per. Writer development others enter.,"Gardening,Art",37,2025-07-24
395,If stop.,Scene training own. Strategy section home not force whatever help.,"Hiking,Fashion",65,2025-07-21
396,Director despite yourself.,Travel beyond arrive hot religious. Blue word enough throughout sure boy today.,"Yoga,Writing",78,2025-07-26
397,No floor western.,Research admit candidate at he newspaper again. Their design top into plant newspaper.,"Fashion,Movies",9,2025-07-20
398,Success offer.,Later cultural decide state card. Black low house. Affect sense term according at seek loss.,"Cycling,Reading",51,2025-07-24
399,Decide yet.,"Picture discuss none deep happen.
Far kind left field.","Camping,Writing",55,2025-08-10
400,Drug nearly campaign.,Marriage hear someone particularly. Wrong old police physical.,"Gaming,Fashion",71,2025-08-06
401,Different hear.,"Mr seat lay past. You teach return a ready price start.
Political check various ready.","Fitness,Art",11,2025-08-10
402,Its might.,Our American thousand can century push glass. Three because beautiful specific crime defense.,"Camping,Gardening",100,2025-07-27
403,Bring treatment middle.,Best form operation drug several let against. Mission adult would rock less power nothing current.,"Art,Movies",79,2025-07-19
404,Candidate kind.,Than TV total western. Parent compare price central case someone network prepare.,"Technology,Cooking",41,2025-07-21
405,Do myself.,Article here policy stuff president author. Travel night local at news.,"Camping,Cooking",92,2025-07-18
406,Man bag anything our.,Prevent voice note series medical. Wrong my position local lay.,"Gaming,Sports",22,2025-07-26
407,Federal investment.,Course red same gun hard artist. Manage first child medical amount thousand.,"Dancing,Movies",18,2025-08-05
408,Market clear.,Born operation size detail. Capital heart government myself piece.,"Fashion,Technology",51,2025-07-25
409,Health case.,Whose century fall turn. Back whose never thought memory left.,"Yoga,Technology",97,2025-07-21
410,Similar deep.,Institution central white. Price sister produce team argue black range. Along on what tax sort us.,"Gardening,Dancing",86,2025-07-26
411,North well another.,Wait goal kid. Attack itself shoulder. Future maintain sign ability eight teach.,"Writing,Reading",2,2025-08-10
412,Nation join.,Somebody little court second stage thus fall. Oil out condition measure service ok.,"Hiking,Gaming",12,2025-07-30
413,Dog dog.,Without different himself agree. Lawyer even much consider clear. Role including explain.,"Gardening,Traveling",58,2025-08-07
414,Stage spring away.,All life matter a central cold party. Record official long son.,"Cycling,Fashion",10,2025-07-28
415,Good write save.,Quite marriage from condition book point. Try hold century marriage they best.,"Gaming,Gardening",23,2025-07-19
416,Life position.,Such movie offer three need career beautiful ability. Once provide deep do Congress factor writer.,"Camping,Fitness",44,2025-08-05
417,Least claim.,Occur power hear tell maintain know. Plant recognize peace into travel do.,"Art,Fishing",100,2025-08-04
418,Teach land home.,Evening play court try deal parent prevent age. Others full model.,"Photography,Writing",71,2025-08-02
419,Perform model sound.,Image entire soldier save. Build foot off.,"Cooking,Yoga",3,2025-07-21
420,Kind whom large.,World total network investment. Return size none.,"Cycling,Sports",8,2025-08-08
421,Hot civil.,Society its allow nice public clear. Almost sing produce. Down environmental side man loss.,"Gardening,Sports",38,2025-08-04
422,Note other.,Through notice audience whatever stand try team.,"Traveling,Movies",74,2025-07-27
423,Clearly around.,Do ok expert service few. People always ground feel. Financial them decision bank.,"Camping,Cycling",66,2025-07-30
424,Past loss.,Benefit edge far car international such everything. Soon nation word free difficult.,"Cycling,Fashion",30,2025-07-16
425,Mention book.,Individual movie style bar.,"Fitness,Reading",16,2025-07-22
426,Head education opportunity.,Get until build among thousand focus. Push keep analysis.,"Camping,Hiking",63,2025-07-19
427,Only its soon.,True order rock stand offer recognize stand. Back health cover money thus black.,"Photography,Fishing",23,2025-07-25
428,Responsibility call measure.,Religious exactly here radio. Line take education goal stop. Apply reflect anything sell.,"Fashion,Reading",30,2025-08-13
429,Raise begin.,Change number material data few institution.,"Dancing,Traveling",93,2025-07-21
430,Enter then city.,Try us culture will. Science exactly establish.,"Writing,Reading",6,2025-07-31
431,Number long senior.,Father realize everybody. Claim style start become politics nice final trial.,"Art,Hiking",35,2025-08-10
432,Remain manage.,Late right few five lawyer. Yeah now dark.,"Yoga,Cycling",2,2025-07-24
433,Full college you bring.,"Note partner grow main look yourself follow.
Affect section team tend serve born want.","Technology,Cooking",42,2025-08-03
434,Personal and wall media.,Somebody affect girl improve level.,"Music,Sports",81,2025-07-26
435,Next medical prove.,Three media field term. Minute board of car attack business.,"Gardening,Reading",82,2025-08-07
436,Instead attention item.,Force minute either fight again sport style statement. Represent wait read standard.,"Cooking,Technology",56,2025-08-07
437,Election investment visit.,South Mrs real traditional. Sign ago attorney good. Out environmental skill among everyone.,"Reading,Fashion",54,2025-08-01
438,Hundred a shake.,National fish message. Treat little lot whether everyone recently.,"Hiking,Music",90,2025-07-17
439,Provide their.,Worry send oil center much. Life account call hot between concern. Image quite certainly.,"Music,Yoga",2,2025-08-06
440,Generation foreign top.,Child apply cultural theory. Suddenly task exist area choose sea writer.,"Movies,Yoga",16,2025-08-09
441,Land wide business.,Build interesting party. Show road movie such forward. Budget pick car point at.,"Fashion,Hiking",74,2025-07-25
442,Organization above election.,"Cup some house.
Help most week recent. Number stock house agreement including garden thousand.","Cycling,Fashion",24,2025-07-19
443,Adult turn officer.,Front nation mission weight receive later. Minute education adult position after.,"Cooking,Yoga",47,2025-08-14
444,That study.,Enjoy network third into thought. Simply glass those scene state son. Local brother late.,"Photography,Gardening",51,2025-08-05
445,Else recently wide.,Than the professional open. Democrat at east fire stay. Court simple despite fast price.,"Fashion,Cooking",52,2025-07-21
446,Throughout modern.,Senior put heart require such. Often growth way method draw certainly.,"Reading,Gardening",72,2025-08-03
447,Resource beautiful.,Year pattern close democratic.,"Writing,Cycling",61,2025-08-11
448,Create report.,Tell quality manager. Direction look mission health southern. Pm control scene civil ability.,"Reading,Technology",42,2025-07-20
449,Enjoy save pick.,Sport about hair. Get all course garden. Democrat top collection go feel eye.,"Movies,Gardening",36,2025-07-22
450,Knowledge media institution.,Religious forget show while. Structure air near. Already forget marriage worker toward share.,"Gaming,Reading",29,2025-08-12
451,Future employee case.,Player in case yes character recognize trip. And break owner if crime sea dark evening.,"Gardening,Fitness",19,2025-08-05
452,Total voice.,Perform without himself. Appear position every staff research occur. Process stop special federal.,"Dancing,Traveling",48,2025-07-21
453,Decade scene theory.,Television reality watch player turn pass company. Little fly front few.,"Fitness,Writing",37,2025-07-17
454,Conference whether kitchen.,Herself fish day even measure whether. Structure wear easy. Available cold car camera training.,"Gardening,Fishing",10,2025-07-30
455,Hard affect.,Sure Mr man. High spring benefit ready ever service source.,"Reading,Hiking",4,2025-08-12
456,Ever reach.,Energy without modern.,"Movies,Gaming",88,2025-08-04
457,Area put country decade.,Continue change could not during.,"Yoga,Fishing",72,2025-07-27
458,As decade expect.,Stay thing become together. Eye movie nor early finally computer take. Reach close wall attorney.,"Camping,Art",65,2025-08-11
459,Hard.,Paper action think draw. Feel join support watch himself.,"Dancing,Hiking",80,2025-07-19
460,Money so.,Build similar rock bill option fact go. War we herself us get unit. Red defense science budget.,"Movies,Writing",75,2025-07-17
461,Foot shake.,"Right member seem he article well. Cold in by.
Why trip chance person year range.","Fashion,Technology",55,2025-08-12
462,Fly.,"Sit for arrive three career.
Heavy trip operation parent. Have hundred stage himself case.","Movies,Art",24,2025-08-12
463,Way hotel.,Hospital whether institution company trip. Free financial apply score.,"Fitness,Art",1,2025-08-14
464,Main our.,Cover trouble game economic later. See doctor however Republican recognize.,"Movies,Fashion",74,2025-08-13
465,Hundred take doctor.,Per board across tell section. During ago network event professor receive. Sell recognize soldier.,"Gardening,Yoga",81,2025-08-07
466,Spring very.,Democrat lead treat impact. Subject within piece lawyer similar avoid unit.,"Fitness,Technology",82,2025-07-22
467,Better individual.,World body character between theory. International laugh better between.,"Traveling,Fashion",16,2025-08-07
468,Right head.,Above people right room and rest. Production else quite into sell week perform single.,"Cycling,Reading",60,2025-07-27
469,Plan place remember.,Six share each beat two assume. Next modern today social tough face administration rule.,"Sports,Fitness",55,2025-07-29
470,Film make score.,Quickly worry early trouble unit. Maybe author bill add TV play involve.,"Traveling,Cycling",31,2025-08-13
471,Me charge everything.,Simple specific amount identify. Recent live turn up and heart.,"Traveling,Technology",56,2025-07-23
472,Stand probably.,Visit various foot possible. Science may board.,"Gaming,Technology",32,2025-08-03
473,Recognize commercial grow me.,Market arm mind so. Include month structure industry art social with.,"Yoga,Dancing",87,2025-07-21
474,Whose.,Three outside matter rich accept. Find appear bank evidence edge major fund.,"Technology,Fashion",35,2025-07-18
475,Project present interview.,Into mother west discover may they billion.,"Cooking,Writing",19,2025-08-10
476,Necessary fear.,Town could room no main rock. Their believe thousand total still section.,"Cooking,Art",27,2025-07-30
477,Town itself.,President push piece bag speak. How start truth other.,"Sports,Photography",72,2025-07-24
478,Throw interesting.,Spend account present strong. Over several boy thing.,"Gaming,Reading",90,2025-07-24
479,Ability entire they.,Million room away subject rich crime. Attorney job community agree. Offer action ok team.,"Movies,Camping",54,2025-07-15
480,Yeah likely.,Measure city organization read cover. Last party particularly Mrs painting above within risk.,"Photography,Traveling",17,2025-08-11
481,Actually.,Be everybody try too. Him magazine when third. Whether father daughter this Mr imagine.,"Movies,Cooking",58,2025-08-03
482,Old allow.,"Save air after government on note.
Tell star fund. Threat draw tell pattern.","Fishing,Technology",87,2025-07-17
483,Seek already close.,Exist prevent huge base sell ever. Hour current billion seven concern.,"Movies,Gardening",51,2025-08-03
484,Majority if great activity.,Skill surface positive military feeling. Name everybody major.,"Hiking,Gardening",73,2025-07-24
485,Claim evidence after everything.,Body color society box. Edge phone pay forward century green environmental baby.,"Dancing,Reading",37,2025-07-28
486,Total understand.,Difference director east member save mean. Wear other food off both surface detail economy.,"Gaming,Reading",43,2025-08-02
487,Final money.,Why store spend follow spring crime. Light each nothing operation popular.,"Fishing,Cycling",11,2025-07-20
488,Sure near.,Benefit should vote rather. Again skin ground move.,"Cycling,Cooking",90,2025-07-28
489,Treatment according system.,Type event economic administration human water ahead you. Four across hope data sense what strong.,"Hiking,Reading",8,2025-07-29
490,Lead to movement.,Hot main production find laugh lead. Or note sure international up or.,"Sports,Writing",77,2025-07-23
491,Next argue.,Fear international view design. Food avoid true.,"Sports,Music",26,2025-08-03
492,Write responsibility true.,Federal car pretty and. Suddenly man exist point. Air such here.,"Fashion,Yoga",67,2025-08-13
493,Someone break book admit.,Color edge none. Cup wrong must national attack recognize.,"Photography,Camping",38,2025-08-01
494,Father involve.,Work state hour Mr we act leader expert. Responsibility visit mind worry.,"Photography,Cooking",27,2025-08-08
495,Bed little.,Put work federal. Two save food southern article. Great pattern minute research family early.,"Cycling,Music",26,2025-08-10
496,Performance school.,Me central much plan send. Whole consider way actually. Answer nice forward allow member.,"Camping,Fitness",60,2025-07-23
497,Actually through.,Girl off design clearly whole Republican present. Charge my peace you leg capital rest.,"Fashion,Yoga",63,2025-07-23
498,Cold throughout detail hold.,Character forward interest PM father. Door grow with offer short tough nothing.,"Hiking,Technology",67,2025-07-19
499,Option brother office around.,Woman put decide magazine trouble line serve. You voice heart pretty everything maintain bar.,"Dancing,Hiking",1,2025-07-27
500,Production themselves common.,That only grow begin.,"Yoga,Cooking",41,2025-07-21
